{
  "train_loss": [
    1.2931830712727137,
    1.267945374761309,
    1.236005766051156
  ],
  "val_loss": [
    1.274725466966629,
    1.270805150270462,
    1.258902668952942
  ]
}