{
  "train_loss": [
    1.9082650457109724,
    1.3080581426620483,
    1.315864188330514,
    1.3101423808506556,
    1.283909729548863
  ],
  "val_loss": [
    1.2899788916110992,
    1.3136337399482727,
    1.3091920018196106,
    1.3389066755771637,
    1.2715717256069183
  ]
}